1553518883, 1553518883, 1000.000000
 1553518883, 1010.000000
 1553518883, 1000.000000
 1553518883, 1000.000000
 1553518883, 1010.000000
 1553518884, 1010.000000
 1553518884, 1000.000000
 1553518884, 1000.000000
 1553518884, 1010.000000
 1553518884, 1000.000000
 1553518884, 1553518884, 1000.000000
 1553518884, 1010.000000
 1553518884, 1000.000000
 1553518884, 1000.000000
 1553518884, 1000.000000
 1553518885, 1010.000000
 1553518885, 1010.000000
 1553518885, 1000.000000
 1553518885, 1000.000000
 1553518885, 1000.000000
 1553518885, 1553518885, 1000.000000
 1553518885, 1000.000000
 1553518885, 1010.000000
 1553518885, 1000.000000
 1553518885, 1000.000000
 1553518886, 1010.000000
 1553518886, 1000.000000
 1553518886, 1010.000000
 1553518886, 1000.000000
 1553518886, 1000.000000
 1553518886, 1553518886, 1000.000000
 1553518886, 1000.000000
 1553518886, 1010.000000
 1553518886, 1000.000000
 1553518886, 1000.000000
 1553518887, 1010.000000
 1553518887, 1000.000000
 1553518887, 1010.000000
 1553518887, 1000.000000
 1553518887, 1000.000000
 1553518887, 1553518887, 1010.000000
 1553518887, 1000.000000
 1553518887, 1010.000000
 1553518887, 1000.000000
 1553518887, 1000.000000
 1553518888, 1010.000000
 1553518888, 1010.000000
 1553518888, 1000.000000
 1553518888, 1000.000000
 1553518888, 1010.000000
 1553518888, 1553518888, 1000.000000
 1553518888, 1010.000000
 1553518888, 1000.000000
 1553518888, 1000.000000
 1553518888, 1010.000000
 1553518889, 1000.000000
 1553518889, 1010.000000
 1553518889, 1000.000000
 1553518889, 1000.000000
 1553518889, 1010.000000
 1553518889, 1553518889, 1000.000000
 1553518889, 1010.000000
 1553518889, 1000.000000
 1553518889, 1000.000000
 1553518889, 1010.000000
 1553518890, 1010.000000
 1553518890, 1010.000000
 1553518890, 1000.000000
 1553518890, 1000.000000
 1553518890, 1010.000000
 1553518890, 1553518890, 1000.000000
 1553518890, 1010.000000
 1553518890, 1000.000000
 1553518890, 1000.000000
 1553518890, 1010.000000
 1553518891, 1010.000000
 1553518891, 1000.000000
 1553518891, 1000.000000
 1553518891, 1010.000000
 1553518891, 1000.000000
 1553518891, 1553518891, 1000.000000
 1553518891, 1010.000000
 1553518891, 1000.000000
 1553518891, 1010.000000
 1553518891, 1000.000000
 1553518892, 1010.000000
 1553518892, 1000.000000
 1553518892, 1000.000000
 1553518892, 1010.000000
 1553518892, 1000.000000
 1553518892, 1553518892, 1010.000000
 1553518892, 1000.000000
 1553518892, 1000.000000
 1553518892, 1010.000000
 1553518892, 1000.000000
 1553518893, 1010.000000
 1553518893, 1010.000000
 1553518893, 1000.000000
 1553518893, 1000.000000
 1553518893, 1010.000000
 1553518893, 1553518893, 1000.000000
 1553518893, 1010.000000
 1553518893, 1000.000000
 1553518893, 1000.000000
 1553518893, 1010.000000
 1553518894, 1000.000000
 1553518894, 1010.000000
 1553518894, 1000.000000
 1553518894, 1000.000000
 1553518894, 1010.000000
 1553518894, 1553518894, 1000.000000
 1553518894, 1010.000000
 1553518894, 1000.000000
 1553518894, 1000.000000
 1553518894, 1010.000000
 1553518895, 1000.000000
 1553518895, 1010.000000
 1553518895, 1000.000000
 1553518895, 1010.000000
 1553518895, 1000.000000
 1553518895, 1553518895, 1000.000000
 1553518895, 1010.000000
 1553518895, 1000.000000
 1553518895, 1000.000000
 1553518895, 1010.000000
 1553518896, 1010.000000
 1553518896, 1000.000000
 1553518896, 1000.000000
 1553518896, 1000.000000
 1553518896, 1010.000000
 1553518896, 1553518896, 1000.000000
 1553518896, 1010.000000
 1553518896, 1000.000000
 1553518896, 1000.000000
 1553518896, 1010.000000
 1553518897, 1010.000000
 1553518897, 1000.000000
 1553518897, 1000.000000
 1553518897, 1010.000000
 1553518897, 1000.000000
 1553518897, 1553518897, 1010.000000
 1553518897, 1000.000000
 1553518897, 1000.000000
 1553518897, 1010.000000
 1553518897, 1000.000000
 1553518898, 1010.000000
 1553518898, 1000.000000
 1553518898, 1000.000000
 1553518898, 1010.000000
 1553518898, 1000.000000
 1553518898, 1553518898, 1010.000000
 1553518898, 1000.000000
 1553518898, 1000.000000
 1553518898, 1010.000000
 1553518898, 1000.000000
 1553518899, 1010.000000
 1553518899, 1000.000000
 1553518899, 1010.000000
 1553518899, 1000.000000
 1553518899, 1000.000000
 1553518899, 1553518899, 1010.000000
 1553518899, 1000.000000
 1553518899, 1010.000000
 1553518899, 1000.000000
 1553518899, 1000.000000
 1553518900, 1010.000000
 1553518900, 1000.000000
 1553518900, 1010.000000
 1553518900, 1000.000000
 1553518900, 1000.000000
 1553518900, 1553518900, 1010.000000
 1553518900, 1000.000000
 1553518900, 1010.000000
 1553518900, 1000.000000
 1553518900, 1000.000000
 1553518901, 1020.000000
 1553518901, 1000.000000
 1553518901, 1000.000000
 1553518901, 1010.000000
 1553518901, 1000.000000
 1553518901, 1553518901, 1010.000000
 1553518901, 1000.000000
 1553518901, 1000.000000
 1553518901, 1000.000000
 1553518901, 1010.000000
 1553518902, 1010.000000
 1553518902, 1000.000000
 1553518902, 1000.000000
 1553518902, 1010.000000
 1553518902, 1000.000000
 1553518902, 1553518902, 1010.000000
 1553518902, 1000.000000
 1553518902, 1000.000000
 1553518902, 1010.000000
 1553518902, 1000.000000
 1553518903, 1010.000000
 1553518903, 1000.000000
 1553518903, 1010.000000
 1553518903, 1000.000000
 1553518903, 1000.000000
 1553518903, 1553518903, 1010.000000
 1553518903, 1000.000000
 1553518903, 1010.000000
 1553518903, 1000.000000
 1553518903, 1000.000000
 1553518904, 1010.000000
 1553518904, 1000.000000
 1553518904, 1010.000000
 1553518904, 1000.000000
 1553518904, 1000.000000
 1553518904, 1553518904, 1000.000000
 1553518904, 1000.000000
 1553518904, 1010.000000
 1553518904, 1000.000000
 1553518904, 1000.000000
 1553518905, 1010.000000
 1553518905, 1010.000000
 1553518905, 1000.000000
 1553518905, 1000.000000
 1553518905, 1010.000000
 1553518905, 1553518905, 1000.000000
 1553518905, 1010.000000
 1553518905, 1000.000000
 1553518905, 1000.000000
 1553518905, 1000.000000
 1553518906, 1010.000000
 1553518906, 1000.000000
 1553518906, 1010.000000
 1553518906, 1000.000000
 1553518906, 1000.000000
 1553518906, 1553518906, 1000.000000
 1553518906, 1000.000000
 1553518906, 1000.000000
 1553518906, 1010.000000
 1553518906, 1000.000000
 1553518907, 1010.000000
 1553518907, 1000.000000
 1553518907, 1010.000000
 1553518907, 42295312.000000
 1553518907, 1000.000000
 1553518907, 1553518907, 1000.000000
 1553518907, 1000.000000
 1553518907, 1010.000000
 1553518907, 1000.000000
 1553518907, 1010.000000
 1553518908, 1000.000000
 1553518908, 1010.000000
 1553518908, 1000.000000
 1553518908, 1010.000000
 1553518908, 1000.000000
 1553518908, 1553518908, 1010.000000
 1553518908, 1000.000000
 1553518908, 1000.000000
 1553518908, 1000.000000
 1553518908, 1010.000000
 1553518909, 1010.000000
 1553518909, 1000.000000
 1553518909, 1000.000000
 1553518909, 1000.000000
 1553518909, 1010.000000
 1553518909, 1553518909, 1010.000000
 1553518909, 1000.000000
 1553518909, 1000.000000
 1553518909, 1010.000000
 1553518909, 1000.000000
 1553518910, 1010.000000
 1553518910, 1000.000000
 1553518910, 1000.000000
 1553518910, 1010.000000
 1553518910, 1000.000000
 1553518910, 1553518910, 1000.000000
 1553518910, 1010.000000
 1553518910, 1000.000000
 1553518910, 1000.000000
 1553518910, 1010.000000
 1553518911, 1000.000000
 1553518911, 1010.000000
 1553518911, 1000.000000
 1553518911, 1000.000000
 1553518911, 1000.000000
 1553518911, 1000.000000
 1553518911, 1553518911, 1010.000000
 1553518911, 1000.000000
 1553518911, 1000.000000
 1553518911, 1010.000000
 1553518911, 1000.000000
 1553518912, 1020.000000
 1553518912, 1000.000000
 1553518912, 1010.000000
 1553518912, 1000.000000
 1553518912, 1000.000000
 1553518912, 1553518912, 1010.000000
 1553518912, 1000.000000
 1553518912, 1000.000000
 1553518912, 1010.000000
 1553518912, 1000.000000
 1553518913, 1010.000000
 1553518913, 1000.000000
 1553518913, 1000.000000
 1553518913, 1010.000000
 1553518913, 1000.000000
 1553518913, 1553518913, 1000.000000
 1553518913, 1010.000000
 1553518913, 1000.000000
 1553518913, 1000.000000
 1553518913, 1010.000000
 1553518914, 1010.000000
 1553518914, 1000.000000
 1553518914, 1000.000000
 1553518914, 1010.000000
 1553518914, 1000.000000
 1553518914, 1553518914, 1010.000000
 1553518914, 1000.000000
 1553518914, 1000.000000
 1553518914, 1000.000000
 1553518914, 1010.000000
 1553518915, 1010.000000
 1553518915, 1000.000000
 1553518915, 1000.000000
 1553518915, 1010.000000
 1553518915, 1000.000000
 1553518915, 1553518915, 1010.000000
 1553518915, 1000.000000
 1553518915, 1000.000000
 1553518915, 1010.000000
 1553518915, 1000.000000
 1553518916, 1010.000000
 1553518916, 1000.000000
 1553518916, 1000.000000
 1553518916, 1010.000000
 1553518916, 1000.000000
 1553518916, 1553518916, 1010.000000
 1553518916, 1000.000000
 1553518916, 1000.000000
 1553518916, 1010.000000
 1553518916, 1000.000000
 1553518917, 1010.000000
 1553518917, 1000.000000
 1553518917, 1000.000000
 1553518917, 1010.000000
 1553518917, 1000.000000
 1553518917, 1553518917, 1000.000000
 1553518917, 1010.000000
 1553518917, 1000.000000
 1553518917, 1000.000000
 1553518917, 1010.000000
 1553518918, 1010.000000
 1553518918, 1000.000000
 1553518918, 1000.000000
 1553518918, 1010.000000
 1553518918, 1000.000000
 1553518918, 1553518918, 1000.000000
 1553518918, 1010.000000
 1553518918, 1000.000000
 1553518918, 1000.000000
 1553518918, 1010.000000
 1553518919, 1010.000000
 1553518919, 1000.000000
 1553518919, 1000.000000
 1553518919, 1010.000000
 1553518919, 1000.000000
 1553518919, 1553518919, 1010.000000
 1553518919, 1000.000000
 1553518919, 1000.000000
 1553518919, 1010.000000
 1553518919, 1000.000000
 1553518920, 1010.000000
 1553518920, 1000.000000
 1553518920, 1000.000000
 1553518920, 1010.000000
 1553518920, 1000.000000
 1553518920, 1553518920, 1010.000000
 1553518920, 1000.000000
 1553518920, 1000.000000
 1553518920, 1010.000000
 1553518920, 1000.000000
 1553518921, 1010.000000
 1553518921, 1000.000000
 1553518921, 1000.000000
 1553518921, 1010.000000
 1553518921, 1000.000000
 1553518921, 1553518921, 1010.000000
 1553518921, 1000.000000
 1553518921, 1000.000000
 1553518921, 1010.000000
 1553518921, 1000.000000
 1553518922, 1010.000000
 1553518922, 1000.000000
 1553518922, 1010.000000
 1553518922, 1000.000000
 1553518922, 1000.000000
 1553518922, 1553518922, 1010.000000
 1553518922, 1000.000000
 1553518922, 1000.000000
 1553518922, 1010.000000
 1553518922, 1000.000000
 1553518923, 1020.000000
 1553518923, 1000.000000
 1553518923, 1000.000000
 1553518923, 1000.000000
 1553518923, 1010.000000
 1553518923, 1553518923, 1000.000000
 1553518923, 1010.000000
 1553518923, 1000.000000
 1553518923, 1000.000000
 1553518923, 1010.000000
 1553518924, 1010.000000
 1553518924, 1000.000000
 1553518924, 1000.000000
 1553518924, 1010.000000
 1553518924, 1000.000000
 1553518924, 1553518924, 1000.000000
 1553518924, 1010.000000
 1553518924, 1000.000000
 1553518924, 1000.000000
 1553518924, 1010.000000
 1553518925, 1010.000000
 1553518925, 1000.000000
 1553518925, 1000.000000
 1553518925, 1010.000000
 1553518925, 1000.000000
 1553518925, 1553518925, 1000.000000
 1553518925, 1010.000000
 1553518925, 1000.000000
 1553518925, 1000.000000
 1553518925, 1010.000000
 1553518926, 1010.000000
 1553518926, 1000.000000
 1553518926, 1000.000000
 1553518926, 1010.000000
 1553518926, 1000.000000
 1553518926, 1553518926, 1010.000000
 1553518926, 1000.000000
 1553518926, 1010.000000
 1553518926, 1000.000000
 1553518926, 1000.000000
 1553518927, 1010.000000
 1553518927, 1000.000000
 1553518927, 1010.000000
 1553518927, 1000.000000
 1553518927, 1010.000000
 1553518927, 1553518927, 1000.000000
 1553518927, 1000.000000
 1553518927, 1010.000000
 1553518927, 1000.000000
 1553518927, 1000.000000
 1553518928, 1010.000000
 1553518928, 1010.000000
 1553518928, 1000.000000
 1553518928, 1010.000000
 1553518928, 1000.000000
 1553518928, 1553518928, 1000.000000
 1553518928, 1010.000000
 1553518928, 1000.000000
 1553518928, 1000.000000
 1553518928, 1010.000000
 1553518929, 1010.000000
 1553518929, 1000.000000
 1553518929, 1000.000000
 1553518929, 1010.000000
 1553518929, 1000.000000
 1553518929, 1553518929, 1010.000000
 1553518929, 1000.000000
 1553518929, 1000.000000
 1553518929, 1010.000000
 1553518929, 1000.000000
 1553518930, 1010.000000
 1553518930, 1000.000000
 1553518930, 1000.000000
 1553518930, 1010.000000
 1553518930, 1000.000000
 1553518930, 1553518930, 1010.000000
 1553518930, 1000.000000
 1553518930, 1000.000000
 1553518930, 1010.000000
 1553518930, 1000.000000
 1553518931, 1010.000000
 1553518931, 1000.000000
 1553518931, 1010.000000
 1553518931, 1000.000000
 1553518931, 1000.000000
 1553518931, 1553518931, 1001.000000
 1553518932, 1553518932, 1001.000000
 1553518933, 1553518933, 1002.000000
 1553518934, 1553518934, 1002.000000
 1553518935, 1553518935, 1002.000000
 1553518936, 1553518936, 1002.000000
 1553518937, 1553518937, 1002.000000
 1553518938, 1553518938, 1002.000000
 1553518939, 1553518939, 1001.000000
 1553518940, 1553518940, 1002.000000
 1553518941, 1553518941, 1002.000000
 1553518942, 1553518942, 1001.000000
 1553518943, 1553518943, 1002.000000
 1553518944, 1553518944, 1100.000000
 1553518944, 1000.000000
 1553518944, 1100.000000
 1553518944, 1000.000000
 1553518944, 1000.000000
 1553518944, 1100.000000
 1553518944, 1000.000000
 1553518944, 1000.000000
 1553518944, 1000.000000
 1553518944, 1100.000000
 1553518944, 1000.000000
 1553518944, 1000.000000
 1553518944, 1000.000000
 1553518944, 1100.000000
 1553518944, 1000.000000
 1553518944, 1000.000000
 1553518944, 1100.000000
 1553518944, 1000.000000
 1553518944, 1000.000000
 1553518944, 1000.000000
 1553518944, 1100.000000
 1553518944, 1000.000000
 1553518944, 1000.000000
 1553518944, 1000.000000
 1553518944, 1100.000000
 1553518944, 1000.000000
 1553518944, 1000.000000
 1553518944, 1100.000000
 1553518944, 1000.000000
 1553518944, 1000.000000
 1553518944, 1100.000000
 1553518944, 1000.000000
 1553518944, 1100.000000
 1553518944, 1000.000000
 1553518944, 1000.000000
 1553518944, 1100.000000
 1553518944, 1000.000000
 1553518944, 1000.000000
 1553518944, 1100.000000
 1553518944, 1000.000000
 1553518944, 1000.000000
 1553518944, 1100.000000
 1553518944, 1000.000000
 1553518944, 1000.000000
 1553518944, 1000.000000
 1553518944, 1100.000000
 1553518944, 1000.000000
 1553518944, 1100.000000
 1553518944, 1000.000000
 1553518945, 1100.000000
 1553518945, 1000.000000
 1553518945, 1000.000000
 1553518945, 1100.000000
 1553518945, 1000.000000
 1553518945, 1000.000000
 1553518945, 1000.000000
 1553518945, 1100.000000
 1553518945, 1000.000000
 1553518945, 1000.000000
 1553518945, 1100.000000
 1553518945, 1000.000000
 1553518945, 1000.000000
 1553518945, 1100.000000
 1553518945, 1000.000000
 1553518945, 1000.000000
 1553518945, 1100.000000
 1553518945, 1000.000000
 1553518945, 1000.000000
 1553518945, 1100.000000
 1553518945, 1000.000000
 1553518945, 1000.000000
 1553518945, 1000.000000
 1553518945, 1100.000000
 1553518945, 1000.000000
 1553518945, 1000.000000
 1553518945, 1100.000000
 1553518945, 1000.000000
 1553518945, 1000.000000
 1553518945, 1100.000000
 1553518945, 1000.000000
 1553518945, 1100.000000
 1553518945, 1000.000000
 1553518945, 1000.000000
 1553518945, 1100.000000
 1553518945, 1000.000000
 1553518945, 1000.000000
 1553518945, 1000.000000
 1553518945, 1100.000000
 1553518945, 1000.000000
 1553518945, 1000.000000
 1553518945, 1000.000000
 1553518945, 1100.000000
 1553518945, 1000.000000
 1553518945, 1000.000000
 1553518945, 1100.000000
 1553518945, 1000.000000
 1553518945, 1000.000000
 1553518945, 1100.000000
 1553518945, 1553518945, 1100.000000
 1553518945, 1000.000000
 1553518945, 1100.000000
 1553518945, 1000.000000
 1553518945, 1000.000000
 1553518945, 1000.000000
 1553518945, 1100.000000
 1553518945, 1000.000000
 1553518945, 1000.000000
 1553518945, 1100.000000
 1553518945, 1000.000000
 1553518945, 1000.000000
 1553518945, 1000.000000
 1553518945, 1100.000000
 1553518945, 1000.000000
 1553518945, 1000.000000
 1553518945, 1000.000000
 1553518945, 1100.000000
 1553518945, 1000.000000
 1553518945, 1000.000000
 1553518945, 1000.000000
 1553518945, 1100.000000
 1553518945, 1000.000000
 1553518945, 1000.000000
 1553518945, 1100.000000
 1553518945, 1000.000000
 1553518945, 1100.000000
 1553518945, 1000.000000
 1553518945, 1000.000000
 1553518945, 1100.000000
 1553518945, 1000.000000
 1553518945, 1000.000000
 1553518945, 1100.000000
 1553518945, 1000.000000
 1553518945, 1000.000000
 1553518945, 1100.000000
 1553518945, 1000.000000
 1553518945, 1000.000000
 1553518945, 1100.000000
 1553518945, 1000.000000
 1553518945, 1000.000000
 1553518945, 1100.000000
 1553518945, 1000.000000
 1553518945, 1000.000000
 1553518945, 1100.000000
 1553518945, 1000.000000
 1553518945, 1100.000000
 1553518945, 1000.000000
 1553518945, 1000.000000
 1553518946, 1100.000000
 1553518946, 1000.000000
 1553518946, 1000.000000
 1553518946, 1100.000000
 1553518946, 1000.000000
 1553518946, 1000.000000
 1553518946, 1100.000000
 1553518946, 1000.000000
 1553518946, 1000.000000
 1553518946, 1100.000000
 1553518946, 1000.000000
 1553518946, 1000.000000
 1553518946, 1100.000000
 1553518946, 1000.000000
 1553518946, 1100.000000
 1553518946, 1000.000000
 1553518946, 1000.000000
 1553518946, 1100.000000
 1553518946, 1000.000000
 1553518946, 1000.000000
 1553518946, 1100.000000
 1553518946, 1000.000000
 1553518946, 1000.000000
 1553518946, 1100.000000
 1553518946, 1000.000000
 1553518946, 1000.000000
 1553518946, 1100.000000
 1553518946, 1000.000000
 1553518946, 1000.000000
 1553518946, 1100.000000
 1553518946, 1000.000000
 1553518946, 1000.000000
 1553518946, 1100.000000
 1553518946, 1000.000000
 1553518946, 1000.000000
 1553518946, 1100.000000
 1553518946, 1000.000000
 1553518946, 1000.000000
 1553518946, 1100.000000
 1553518946, 1000.000000
 1553518946, 1000.000000
 1553518946, 1100.000000
 1553518946, 1000.000000
 1553518946, 1100.000000
 1553518946, 1000.000000
 1553518946, 1000.000000
 1553518946, 1100.000000
 1553518946, 1000.000000
 1553518946, 1000.000000
 1553518946, 1553518946, 1200.000000
 1553518946, 1000.000000
 1553518946, 1100.000000
 1553518946, 1000.000000
 1553518946, 1000.000000
 1553518946, 1100.000000
 1553518946, 1000.000000
 1553518946, 1000.000000
 1553518946, 1100.000000
 1553518946, 1000.000000
 1553518946, 1000.000000
 1553518946, 1100.000000
 1553518946, 1000.000000
 1553518946, 1000.000000
 1553518946, 1100.000000
 1553518946, 1000.000000
 1553518946, 1000.000000
 1553518946, 1000.000000
 1553518946, 1100.000000
 1553518946, 1000.000000
 1553518946, 1000.000000
 1553518946, 1100.000000
 1553518946, 1000.000000
 1553518946, 1000.000000
 1553518946, 1000.000000
 1553518946, 1100.000000
 1553518946, 1000.000000
 1553518946, 1000.000000
 1553518946, 1100.000000
 1553518946, 1000.000000
 1553518946, 1000.000000
 1553518946, 1000.000000
 1553518946, 1000.000000
 1553518946, 1100.000000
 1553518946, 1000.000000
 1553518946, 1000.000000
 1553518946, 1000.000000
 1553518946, 1100.000000
 1553518946, 1000.000000
 1553518946, 1000.000000
 1553518946, 1100.000000
 1553518946, 1000.000000
 1553518946, 1000.000000
 1553518946, 1100.000000
 1553518946, 1000.000000
 1553518946, 1000.000000
 1553518946, 1000.000000
 1553518946, 1100.000000
 1553518946, 1000.000000
 1553518947, 1000.000000
 1553518947, 1100.000000
 1553518947, 1000.000000
 1553518947, 1000.000000
 1553518947, 1100.000000
 1553518947, 1000.000000
 1553518947, 1100.000000
 1553518947, 1000.000000
 1553518947, 1000.000000
 1553518947, 1100.000000
 1553518947, 1000.000000
 1553518947, 1000.000000
 1553518947, 1100.000000
 1553518947, 1000.000000
 1553518947, 1000.000000
 1553518947, 1100.000000
 1553518947, 1000.000000
 1553518947, 1000.000000
 1553518947, 1100.000000
 1553518947, 1000.000000
 1553518947, 1000.000000
 1553518947, 1000.000000
 1553518947, 1100.000000
 1553518947, 1000.000000
 1553518947, 1000.000000
 1553518947, 1100.000000
 1553518947, 1000.000000
 1553518947, 1100.000000
 1553518947, 1000.000000
 1553518947, 1000.000000
 1553518947, 1100.000000
 1553518947, 1000.000000
 1553518947, 1000.000000
 1553518947, 1100.000000
 1553518947, 1000.000000
 1553518947, 1000.000000
 1553518947, 1100.000000
 1553518947, 1000.000000
 1553518947, 1000.000000
 1553518947, 1100.000000
 1553518947, 1000.000000
 1553518947, 1000.000000
 1553518947, 1100.000000
 1553518947, 1000.000000
 1553518947, 1000.000000
 1553518947, 1100.000000
 1553518947, 1000.000000
 1553518947, 1000.000000
 1553518947, 1100.000000
 1553518947, 1553518947, 1100.000000
 1553518947, 1000.000000
 1553518947, 1100.000000
 1553518947, 1000.000000
 1553518947, 1000.000000
 1553518947, 1000.000000
 1553518947, 1000.000000
 1553518947, 1000.000000
 1553518947, 1100.000000
 1553518947, 1000.000000
 1553518947, 1000.000000
 1553518947, 1000.000000
 1553518947, 1000.000000
 1553518947, 1000.000000
 1553518947, 1100.000000
 1553518947, 1000.000000
 1553518947, 1000.000000
 1553518947, 1100.000000
 1553518947, 1000.000000
 1553518947, 1000.000000
 1553518947, 1100.000000
 1553518947, 1000.000000
 1553518947, 1000.000000
 1553518947, 1000.000000
 1553518947, 1100.000000
 1553518947, 1000.000000
 1553518947, 1100.000000
 1553518947, 1000.000000
 1553518947, 1000.000000
 1553518947, 1100.000000
 1553518947, 1000.000000
 1553518947, 1000.000000
 1553518947, 1100.000000
 1553518947, 1000.000000
 1553518947, 1000.000000
 1553518947, 1000.000000
 1553518947, 1100.000000
 1553518947, 1000.000000
 1553518947, 1000.000000
 1553518947, 1100.000000
 1553518947, 1000.000000
 1553518947, 1000.000000
 1553518947, 1000.000000
 1553518947, 1100.000000
 1553518947, 1000.000000
 1553518947, 1000.000000
 1553518947, 1100.000000
 1553518947, 1000.000000
 1553518947, 1000.000000
 1553518948, 1100.000000
 1553518948, 1000.000000
 1553518948, 1000.000000
 1553518948, 1100.000000
 1553518948, 1000.000000
 1553518948, 1000.000000
 1553518948, 1100.000000
 1553518948, 1000.000000
 1553518948, 1000.000000
 1553518948, 1100.000000
 1553518948, 1000.000000
 1553518948, 1000.000000
 1553518948, 1100.000000
 1553518948, 1000.000000
 1553518948, 1000.000000
 1553518948, 1100.000000
 1553518948, 1000.000000
 1553518948, 1100.000000
 1553518948, 1000.000000
 1553518948, 1000.000000
 1553518948, 1000.000000
 1553518948, 1100.000000
 1553518948, 1000.000000
 1553518948, 1000.000000
 1553518948, 1100.000000
 1553518948, 1000.000000
 1553518948, 1000.000000
 1553518948, 1100.000000
 1553518948, 1000.000000
 1553518948, 1100.000000
 1553518948, 1000.000000
 1553518948, 1000.000000
 1553518948, 1100.000000
 1553518948, 1000.000000
 1553518948, 1000.000000
 1553518948, 1100.000000
 1553518948, 1000.000000
 1553518948, 1000.000000
 1553518948, 1100.000000
 1553518948, 1000.000000
 1553518948, 1000.000000
 1553518948, 1100.000000
 1553518948, 1000.000000
 1553518948, 1000.000000
 1553518948, 1100.000000
 1553518948, 1000.000000
 1553518948, 1000.000000
 1553518948, 1100.000000
 1553518948, 1000.000000
 1553518948, 1553518948, 1200.000000
 1553518948, 1000.000000
 1553518948, 1000.000000
 1553518948, 1100.000000
 1553518948, 1000.000000
 1553518948, 1000.000000
 1553518948, 1100.000000
 1553518948, 1000.000000
 1553518948, 1000.000000
 1553518948, 1000.000000
 1553518948, 1100.000000
 1553518948, 1000.000000
 1553518948, 1000.000000
 1553518948, 1000.000000
 1553518948, 1100.000000
 1553518948, 1000.000000
 1553518948, 1000.000000
 1553518948, 1100.000000
 1553518948, 1000.000000
 1553518948, 1000.000000
 1553518948, 1000.000000
 1553518948, 1100.000000
 1553518948, 1000.000000
 1553518948, 1000.000000
 1553518948, 1100.000000
 1553518948, 1000.000000
 1553518948, 1000.000000
 1553518948, 1100.000000
 1553518948, 1000.000000
 1553518948, 1000.000000
 1553518948, 1100.000000
 1553518948, 1000.000000
 1553518948, 1000.000000
 1553518948, 1000.000000
 1553518948, 1100.000000
 1553518948, 1000.000000
 1553518948, 1000.000000
 1553518948, 1100.000000
 1553518948, 1000.000000
 1553518948, 1000.000000
 1553518948, 1100.000000
 1553518948, 1000.000000
 1553518948, 1000.000000
 1553518948, 1100.000000
 1553518948, 1000.000000
 1553518948, 1000.000000
 1553518948, 1100.000000
 1553518948, 1000.000000
 1553518948, 1000.000000
 1553518949, 1100.000000
 1553518949, 1000.000000
 1553518949, 1000.000000
 1553518949, 1100.000000
 1553518949, 1000.000000
 1553518949, 1000.000000
 1553518949, 1100.000000
 1553518949, 1000.000000
 1553518949, 1000.000000
 1553518949, 1100.000000
 1553518949, 1000.000000
 1553518949, 1000.000000
 1553518949, 1100.000000
 1553518949, 1000.000000
 1553518949, 1000.000000
 1553518949, 1100.000000
 1553518949, 1000.000000
 1553518949, 1000.000000
 1553518949, 1000.000000
 1553518949, 1100.000000
 1553518949, 1000.000000
 1553518949, 1000.000000
 1553518949, 1100.000000
 1553518949, 1000.000000
 1553518949, 1000.000000
 1553518949, 1100.000000
 1553518949, 1000.000000
 1553518949, 1100.000000
 1553518949, 1000.000000
 1553518949, 1000.000000
 1553518949, 1000.000000
 1553518949, 1100.000000
 1553518949, 1000.000000
 1553518949, 1000.000000
 1553518949, 1000.000000
 1553518949, 1100.000000
 1553518949, 1000.000000
 1553518949, 1000.000000
 1553518949, 1100.000000
 1553518949, 1000.000000
 1553518949, 1000.000000
 1553518949, 1100.000000
 1553518949, 1000.000000
 1553518949, 1000.000000
 1553518949, 1000.000000
 1553518949, 1100.000000
 1553518949, 1000.000000
 1553518949, 1000.000000
 1553518949, 1000.000000
 1553518949, 1553518949, 1100.000000
 1553518949, 1000.000000
 1553518949, 1000.000000
 1553518949, 1000.000000
 1553518949, 1000.000000
 1553518949, 1000.000000
 1553518949, 1100.000000
 1553518949, 1000.000000
 1553518949, 1100.000000
 1553518949, 1000.000000
 1553518949, 1000.000000
 1553518949, 1000.000000
 1553518949, 1100.000000
 1553518949, 1000.000000
 1553518949, 1000.000000
 1553518949, 1100.000000
 1553518949, 1000.000000
 1553518949, 1000.000000
 1553518949, 1100.000000
 1553518949, 1000.000000
 1553518949, 1000.000000
 1553518949, 1100.000000
 1553518949, 1000.000000
 1553518949, 1000.000000
 1553518949, 1100.000000
 1553518949, 1000.000000
 1553518949, 1000.000000
 1553518949, 1100.000000
 1553518949, 1000.000000
 1553518949, 1000.000000
 1553518949, 1100.000000
 1553518949, 1000.000000
 1553518949, 1000.000000
 1553518949, 1100.000000
 1553518949, 1000.000000
 1553518949, 1000.000000
 1553518949, 1100.000000
 1553518949, 1000.000000
 1553518949, 1000.000000
 1553518949, 1100.000000
 1553518949, 1000.000000
 1553518949, 1000.000000
 1553518949, 1100.000000
 1553518949, 1000.000000
 1553518949, 1000.000000
 1553518949, 1100.000000
 1553518949, 1000.000000
 1553518949, 1000.000000
 1553518949, 1100.000000
 1553518950, 1000.000000
 1553518950, 1000.000000
 1553518950, 1100.000000
 1553518950, 1000.000000
 1553518950, 1000.000000
 1553518950, 1100.000000
 1553518950, 1000.000000
 1553518950, 1000.000000
 1553518950, 1100.000000
 1553518950, 1000.000000
 1553518950, 1000.000000
 1553518950, 1100.000000
 1553518950, 1000.000000
 1553518950, 1000.000000
 1553518950, 1100.000000
 1553518950, 1000.000000
 1553518950, 1000.000000
 1553518950, 1100.000000
 1553518950, 1000.000000
 1553518950, 1000.000000
 1553518950, 1100.000000
 1553518950, 1000.000000
 1553518950, 1000.000000
 1553518950, 1100.000000
 1553518950, 1000.000000
 1553518950, 1000.000000
 1553518950, 1100.000000
 1553518950, 1000.000000
 1553518950, 1000.000000
 1553518950, 1100.000000
 1553518950, 1000.000000
 1553518950, 1000.000000
 1553518950, 1100.000000
 1553518950, 1000.000000
 1553518950, 1000.000000
 1553518950, 1100.000000
 1553518950, 1000.000000
 1553518950, 1000.000000
 1553518950, 1100.000000
 1553518950, 1000.000000
 1553518950, 1000.000000
 1553518950, 1000.000000
 1553518950, 1100.000000
 1553518950, 1000.000000
 1553518950, 1100.000000
 1553518950, 1000.000000
 1553518950, 1000.000000
 1553518950, 1100.000000
 1553518950, 1000.000000
 1553518950, 1553518950, 1100.000000
 1553518950, 1100.000000
 1553518950, 1000.000000
 1553518950, 1000.000000
 1553518950, 1000.000000
 1553518950, 1000.000000
 1553518950, 1000.000000
 1553518950, 1100.000000
 1553518950, 1000.000000
 1553518950, 1000.000000
 1553518950, 1000.000000
 1553518950, 1100.000000
 1553518950, 1000.000000
 1553518950, 1000.000000
 1553518950, 1100.000000
 1553518950, 1000.000000
 1553518950, 1000.000000
 1553518950, 1100.000000
 1553518950, 1000.000000
 1553518950, 1000.000000
 1553518950, 1100.000000
 1553518950, 1000.000000
 1553518950, 1000.000000
 1553518950, 1100.000000
 1553518950, 1000.000000
 1553518950, 1000.000000
 1553518950, 1100.000000
 1553518950, 1000.000000
 1553518950, 1000.000000
 1553518950, 1100.000000
 1553518950, 1000.000000
 1553518950, 1000.000000
 1553518950, 1100.000000
 1553518950, 1000.000000
 1553518950, 1000.000000
 1553518950, 1100.000000
 1553518950, 1000.000000
 1553518950, 1100.000000
 1553518950, 1000.000000
 1553518950, 1000.000000
 1553518950, 1100.000000
 1553518950, 1000.000000
 1553518950, 1000.000000
 1553518950, 1000.000000
 1553518950, 1100.000000
 1553518950, 1000.000000
 1553518950, 1000.000000
 1553518950, 1000.000000
 1553518950, 1100.000000
 1553518951, 1000.000000
 1553518951, 1000.000000
 1553518951, 1000.000000
 1553518951, 1100.000000
 1553518951, 1000.000000
 1553518951, 1000.000000
 1553518951, 1000.000000
 1553518951, 1100.000000
 1553518951, 1000.000000
 1553518951, 1000.000000
 1553518951, 1100.000000
 1553518951, 1000.000000
 1553518951, 1000.000000
 1553518951, 1100.000000
 1553518951, 1000.000000
 1553518951, 1000.000000
 1553518951, 1100.000000
 1553518951, 1000.000000
 1553518951, 1000.000000
 1553518951, 1100.000000
 1553518951, 1000.000000
 1553518951, 1000.000000
 1553518951, 1100.000000
 1553518951, 1000.000000
 1553518951, 1000.000000
 1553518951, 1100.000000
 1553518951, 1000.000000
 1553518951, 1000.000000
 1553518951, 1100.000000
 1553518951, 1000.000000
 1553518951, 1000.000000
 1553518951, 1100.000000
 1553518951, 1000.000000
 1553518951, 1000.000000
 1553518951, 1100.000000
 1553518951, 1000.000000
 1553518951, 1100.000000
 1553518951, 1000.000000
 1553518951, 1000.000000
 1553518951, 1100.000000
 1553518951, 1000.000000
 1553518951, 1000.000000
 1553518951, 1100.000000
 1553518951, 1000.000000
 1553518951, 1000.000000
 1553518951, 1000.000000
 1553518951, 1100.000000
 1553518951, 1000.000000
 1553518951, 1000.000000
 1553518951, 1553518951, 1200.000000
 1553518951, 1000.000000
 1553518951, 1000.000000
 1553518951, 1000.000000
 1553518951, 1000.000000
 1553518951, 1000.000000
 1553518951, 1100.000000
 1553518951, 1000.000000
 1553518951, 1000.000000
 1553518951, 1000.000000
 1553518951, 1000.000000
 1553518951, 1000.000000
 1553518951, 1100.000000
 1553518951, 1000.000000
 1553518951, 1000.000000
 1553518951, 1000.000000
 1553518951, 1000.000000
 1553518951, 1100.000000
 1553518951, 1000.000000
 1553518951, 1000.000000
 1553518951, 1000.000000
 1553518951, 1000.000000
 1553518951, 1000.000000
 1553518951, 1100.000000
 1553518951, 1000.000000
 1553518951, 1000.000000
 1553518951, 1000.000000
 1553518951, 1000.000000
 1553518951, 1100.000000
 1553518951, 1000.000000
 1553518951, 1000.000000
 1553518951, 1000.000000
 1553518951, 1000.000000
 1553518951, 1000.000000
 1553518951, 1100.000000
 1553518951, 1000.000000
 1553518951, 1000.000000
 1553518951, 1100.000000
 1553518951, 1000.000000
 1553518951, 1000.000000
 1553518951, 1100.000000
 1553518951, 1000.000000
 1553518951, 1000.000000
 1553518951, 1100.000000
 1553518951, 1000.000000
 1553518951, 1000.000000
 1553518951, 1100.000000
 1553518951, 1000.000000
 1553518951, 1100.000000
 1553518952, 1000.000000
 1553518952, 1000.000000
 1553518952, 1100.000000
 1553518952, 1000.000000
 1553518952, 1000.000000
 1553518952, 1000.000000
 1553518952, 1100.000000
 1553518952, 1000.000000
 1553518952, 1000.000000
 1553518952, 1100.000000
 1553518952, 1000.000000
 1553518952, 1100.000000
 1553518952, 1000.000000
 1553518952, 1000.000000
 1553518952, 1100.000000
 1553518952, 1000.000000
 1553518952, 1000.000000
 1553518952, 1100.000000
 1553518952, 1000.000000
 1553518952, 1000.000000
 1553518952, 1100.000000
 1553518952, 1000.000000
 1553518952, 1000.000000
 1553518952, 1100.000000
 1553518952, 1000.000000
 1553518952, 1000.000000
 1553518952, 1100.000000
 1553518952, 1000.000000
 1553518952, 1000.000000
 1553518952, 1100.000000
 1553518952, 1000.000000
 1553518952, 1000.000000
 1553518952, 1100.000000
 1553518952, 1000.000000
 1553518952, 1100.000000
 1553518952, 1000.000000
 1553518952, 1000.000000
 1553518952, 1100.000000
 1553518952, 1000.000000
 1553518952, 1000.000000
 1553518952, 1000.000000
 1553518952, 1100.000000
 1553518952, 1000.000000
 1553518952, 1000.000000
 1553518952, 1100.000000
 1553518952, 1000.000000
 1553518952, 1000.000000
 1553518952, 1000.000000
 1553518952, 1000.000000
 1553518952, 1553518952, 1200.000000
 1553518952, 1000.000000
 1553518952, 1000.000000
 1553518952, 1100.000000
 1553518952, 1000.000000
 1553518952, 1000.000000
 1553518952, 1000.000000
 1553518952, 1100.000000
 1553518952, 1000.000000
 1553518952, 1000.000000
 1553518952, 1100.000000
 1553518952, 1000.000000
 1553518952, 1000.000000
 1553518952, 1100.000000
 1553518952, 1000.000000
 1553518952, 1000.000000
 1553518952, 1000.000000
 1553518952, 1100.000000
 1553518952, 1000.000000
 1553518952, 1000.000000
 1553518952, 1100.000000
 1553518952, 1000.000000
 1553518952, 1000.000000
 1553518952, 1100.000000
 1553518952, 1000.000000
 1553518952, 1000.000000
 1553518952, 1100.000000
 1553518952, 1000.000000
 1553518952, 1000.000000
 1553518952, 1000.000000
 1553518952, 1100.000000
 1553518952, 1000.000000
 1553518952, 1000.000000
 1553518952, 1100.000000
 1553518952, 1000.000000
 1553518952, 1000.000000
 1553518952, 1000.000000
 1553518952, 1100.000000
 1553518952, 1000.000000
 1553518952, 1000.000000
 1553518952, 1100.000000
 1553518952, 1000.000000
 1553518952, 1100.000000
 1553518952, 1000.000000
 1553518952, 1000.000000
 1553518952, 1100.000000
 1553518952, 1000.000000
 1553518952, 1000.000000
 1553518952, 1100.000000
 1553518953, 1000.000000
 1553518953, 1000.000000
 1553518953, 1100.000000
 1553518953, 1000.000000
 1553518953, 1000.000000
 1553518953, 1000.000000
 1553518953, 1100.000000
 1553518953, 1000.000000
 1553518953, 1100.000000
 1553518953, 1000.000000
 1553518953, 1000.000000
 1553518953, 1100.000000
 1553518953, 1000.000000
 1553518953, 1000.000000
 1553518953, 1000.000000
 1553518953, 1100.000000
 1553518953, 1000.000000
 1553518953, 1100.000000
 1553518953, 1000.000000
 1553518953, 1000.000000
 1553518953, 1100.000000
 1553518953, 1000.000000
 1553518953, 1000.000000
 1553518953, 1000.000000
 1553518953, 1100.000000
 1553518953, 1000.000000
 1553518953, 1000.000000
 1553518953, 1100.000000
 1553518953, 1000.000000
 1553518953, 1000.000000
 1553518953, 1000.000000
 1553518953, 1100.000000
 1553518953, 1000.000000
 1553518953, 1000.000000
 1553518953, 1100.000000
 1553518953, 1000.000000
 1553518953, 1000.000000
 1553518953, 1100.000000
 1553518953, 1000.000000
 1553518953, 1000.000000
 1553518953, 1100.000000
 1553518953, 1000.000000
 1553518953, 1000.000000
 1553518953, 1100.000000
 1553518953, 1000.000000
 1553518953, 1000.000000
 1553518953, 1100.000000
 1553518953, 1000.000000
 1553518953, 1000.000000
 1553518953, 1553518953, 1200.000000
 1553518953, 1000.000000
 1553518953, 1100.000000
 1553518953, 1000.000000
 1553518953, 1000.000000
 1553518953, 1000.000000
 1553518953, 1100.000000
 1553518953, 1000.000000
 1553518953, 1000.000000
 1553518953, 1100.000000
 1553518953, 1000.000000
 1553518953, 1000.000000
 1553518953, 1100.000000
 1553518953, 1000.000000
 1553518953, 1100.000000
 1553518953, 1000.000000
 1553518953, 1000.000000
 1553518953, 1100.000000
 1553518953, 1000.000000
 1553518953, 1000.000000
 1553518953, 1100.000000
 1553518953, 1000.000000
 1553518953, 1000.000000
 1553518953, 1100.000000
 1553518953, 1000.000000
 1553518953, 1000.000000
 1553518953, 1000.000000
 1553518953, 1100.000000
 1553518953, 1000.000000
 1553518953, 1000.000000
 1553518953, 1100.000000
 1553518953, 1000.000000
 1553518953, 1000.000000
 1553518953, 1100.000000
 1553518953, 1000.000000
 1553518953, 1000.000000
 1553518953, 1100.000000
 1553518953, 1000.000000
 1553518953, 1000.000000
 1553518953, 1100.000000
 1553518953, 1000.000000
 1553518953, 1000.000000
 1553518953, 1100.000000
 1553518953, 1000.000000
 1553518953, 1000.000000
 1553518953, 1100.000000
 1553518953, 1000.000000
 1553518953, 1000.000000
 1553518953, 1000.000000
 1553518954, 1100.000000
 1553518954, 1000.000000
 1553518954, 1000.000000
 1553518954, 1100.000000
 1553518954, 1000.000000
 1553518954, 1000.000000
 1553518954, 1100.000000
 1553518954, 1000.000000
 1553518954, 1000.000000
 1553518954, 1100.000000
 1553518954, 1000.000000
 1553518954, 1000.000000
 1553518954, 1100.000000
 1553518954, 1000.000000
 1553518954, 1000.000000
 1553518954, 1000.000000
 1553518954, 1100.000000
 1553518954, 1000.000000
 1553518954, 1000.000000
 1553518954, 1100.000000
 1553518954, 1000.000000
 1553518954, 1000.000000
 1553518954, 1100.000000
 1553518954, 1000.000000
 1553518954, 1000.000000
 1553518954, 1100.000000
 1553518954, 1000.000000
 1553518954, 1000.000000
 1553518954, 1000.000000
 1553518954, 1100.000000
 1553518954, 1000.000000
 1553518954, 1000.000000
 1553518954, 1000.000000
 1553518954, 1100.000000
 1553518954, 1000.000000
 1553518954, 1000.000000
 1553518954, 1100.000000
 1553518954, 1000.000000
 1553518954, 1000.000000
 1553518954, 1100.000000
 1553518954, 1000.000000
 1553518954, 1000.000000
 1553518954, 1000.000000
 1553518954, 1100.000000
 1553518954, 1000.000000
 1553518954, 1000.000000
 1553518954, 1000.000000
 1553518954, 1100.000000
 1553518954, 1000.000000
 1553518955, 1553518955, 1100.000000
 1553518955, 1100.000000
 1553518955, 1000.000000
 1553518955, 1000.000000
 1553518955, 1000.000000
 1553518955, 1100.000000
 1553518955, 1000.000000
 1553518955, 1000.000000
 1553518955, 1100.000000
 1553518955, 1000.000000
 1553518955, 1000.000000
 1553518955, 1100.000000
 1553518955, 1000.000000
 1553518955, 1000.000000
 1553518955, 1100.000000
 1553518955, 1000.000000
 1553518955, 1000.000000
 1553518955, 1100.000000
 1553518955, 1000.000000
 1553518955, 1000.000000
 1553518955, 1100.000000
 1553518955, 1000.000000
 1553518955, 1000.000000
 1553518955, 1100.000000
 1553518955, 1000.000000
 1553518955, 1000.000000
 1553518955, 1100.000000
 1553518955, 1000.000000
 1553518955, 1000.000000
 1553518955, 1000.000000
 1553518955, 1100.000000
 1553518955, 1000.000000
 1553518955, 1000.000000
 1553518955, 1100.000000
 1553518955, 1000.000000
 1553518955, 1000.000000
 1553518955, 1000.000000
 1553518955, 1100.000000
 1553518955, 1000.000000
 1553518955, 1000.000000
 1553518955, 1100.000000
 1553518955, 1000.000000
 1553518955, 1000.000000
 1553518955, 1000.000000
 1553518955, 1100.000000
 1553518955, 1000.000000
 1553518955, 1000.000000
 1553518955, 1000.000000
 1553518955, 1100.000000
 1553518955, 1000.000000
 1553518955, 1000.000000
 1553518955, 1100.000000
 1553518955, 1000.000000
 1553518955, 1000.000000
 1553518955, 1000.000000
 1553518955, 1100.000000
 1553518955, 1000.000000
 1553518955, 1000.000000
 1553518955, 1000.000000
 1553518955, 1100.000000
 1553518955, 1000.000000
 1553518955, 1000.000000
 1553518955, 1000.000000
 1553518955, 1100.000000
 1553518955, 1000.000000
 1553518955, 1000.000000
 1553518955, 1000.000000
 1553518955, 1100.000000
 1553518955, 1000.000000
 1553518955, 1000.000000
 1553518955, 1000.000000
 1553518955, 1100.000000
 1553518955, 1000.000000
 1553518955, 1000.000000
 1553518955, 1000.000000
 1553518955, 1100.000000
 1553518955, 1000.000000
 1553518955, 1000.000000
 1553518955, 1100.000000
 1553518955, 1000.000000
 1553518955, 1000.000000
 1553518955, 1000.000000
 1553518955, 1000.000000
 1553518955, 1100.000000
 1553518955, 1000.000000
 1553518955, 1000.000000
 1553518955, 1100.000000
 1553518955, 1000.000000
 1553518955, 1000.000000
 1553518955, 1000.000000
 1553518955, 1100.000000
 1553518955, 1000.000000
 1553518955, 1000.000000
 1553518955, 1100.000000
 1553518955, 1000.000000
 1553518955, 1000.000000
 1553518955, 1000.000000
 1553518955, 1000.000000
 1553518956, 1553518956, 1400.000000
 1553518956, 1000.000000
 1553518956, 1000.000000
 1553518956, 1000.000000
 1553518956, 1000.000000
 1553518956, 1000.000000
 1553518956, 1000.000000
 1553518956, 1100.000000
 1553518956, 1000.000000
 1553518956, 1000.000000
 1553518956, 1000.000000
 1553518956, 1000.000000
 1553518956, 1000.000000
 1553518956, 1100.000000
 1553518956, 1000.000000
 1553518956, 1000.000000
 1553518956, 1000.000000
 1553518956, 1000.000000
 1553518956, 1000.000000
 1553518956, 1000.000000
 1553518956, 1100.000000
 1553518956, 1000.000000
 1553518956, 1000.000000
 1553518956, 1100.000000
 1553518956, 1000.000000
 1553518956, 1000.000000
 1553518956, 1100.000000
 1553518956, 1000.000000
 1553518956, 1000.000000
 1553518956, 1100.000000
 1553518956, 1000.000000
 1553518956, 1000.000000
 1553518956, 1100.000000
 1553518956, 1000.000000
 1553518956, 1100.000000
 1553518956, 1000.000000
 1553518956, 1000.000000
 1553518956, 1100.000000
 1553518956, 1000.000000
 1553518956, 1000.000000
 1553518956, 1100.000000
 1553518956, 1000.000000
 1553518956, 1000.000000
 1553518956, 1100.000000
 1553518956, 1000.000000
 1553518956, 1000.000000
 1553518956, 1100.000000
 1553518956, 1000.000000
 1553518956, 1000.000000
 1553518956, 1000.000000
 1553518956, 1100.000000
 1553518956, 1000.000000
 1553518956, 1000.000000
 1553518956, 1100.000000
 1553518956, 1000.000000
 1553518956, 1000.000000
 1553518956, 1000.000000
 1553518956, 1100.000000
 1553518956, 1000.000000
 1553518956, 1000.000000
 1553518956, 1100.000000
 1553518956, 1000.000000
 1553518956, 1000.000000
 1553518956, 1100.000000
 1553518956, 1000.000000
 1553518956, 1000.000000
 1553518956, 1100.000000
 1553518956, 1000.000000
 1553518956, 1000.000000
 1553518956, 1000.000000
 1553518956, 1100.000000
 1553518956, 1000.000000
 1553518956, 1000.000000
 1553518956, 1000.000000
 1553518956, 1000.000000
 1553518956, 1100.000000
 1553518956, 1000.000000
 1553518956, 1000.000000
 1553518956, 1000.000000
 1553518956, 1000.000000
 1553518956, 1000.000000
 1553518956, 1100.000000
 1553518956, 1000.000000
 1553518956, 1000.000000
 1553518956, 1000.000000
 1553518956, 1000.000000
 1553518956, 1100.000000
 1553518956, 1000.000000
 1553518956, 1000.000000
 1553518956, 1000.000000
 1553518956, 1000.000000
 1553518956, 1100.000000
 1553518956, 1000.000000
 1553518956, 1000.000000
 1553518956, 1100.000000
 1553518956, 1000.000000
 1553518956, 1000.000000
 1553518956, 1100.000000
 1553518957, 1553518957, 1100.000000
 1553518957, 1000.000000
 1553518957, 1000.000000
 1553518957, 1100.000000
 1553518957, 1000.000000
 1553518957, 1000.000000
 1553518957, 1000.000000
 1553518957, 1000.000000
 1553518957, 1100.000000
 1553518957, 1000.000000
 1553518957, 1000.000000
 1553518957, 1100.000000
 1553518957, 1000.000000
 1553518957, 1000.000000
 1553518957, 1000.000000
 1553518957, 1000.000000
 1553518957, 1100.000000
 1553518957, 1000.000000
 1553518957, 1000.000000
 1553518957, 1000.000000
 1553518957, 1100.000000
 1553518957, 1000.000000
 1553518957, 1000.000000
 1553518957, 1000.000000
 1553518957, 1100.000000
 1553518957, 1000.000000
 1553518957, 1000.000000
 1553518957, 1000.000000
 1553518957, 1100.000000
 1553518957, 1000.000000
 1553518957, 1000.000000
 1553518957, 1100.000000
 1553518957, 1000.000000
 1553518957, 1000.000000
 1553518957, 1100.000000
 1553518957, 1000.000000
 1553518957, 1000.000000
 1553518957, 1100.000000
 1553518957, 1000.000000
 1553518957, 1000.000000
 1553518957, 1100.000000
 1553518957, 1000.000000
 1553518957, 1000.000000
 1553518957, 1100.000000
 1553518957, 1000.000000
 1553518957, 1000.000000
 1553518957, 1100.000000
 1553518957, 1000.000000
 1553518957, 1000.000000
 1553518957, 1100.000000
 1553518957, 1000.000000
 1553518957, 1000.000000
 1553518957, 1100.000000
 1553518957, 1000.000000
 1553518957, 1000.000000
 1553518957, 1100.000000
 1553518957, 1000.000000
 1553518957, 1000.000000
 1553518957, 1100.000000
 1553518957, 1000.000000
 1553518957, 1000.000000
 1553518957, 1100.000000
 1553518957, 1000.000000
 1553518957, 1000.000000
 1553518957, 1100.000000
 1553518957, 1000.000000
 1553518957, 1000.000000
 1553518957, 1100.000000
 1553518957, 1000.000000
 1553518957, 1100.000000
 1553518957, 1000.000000
 1553518957, 1000.000000
 1553518957, 1000.000000
 1553518957, 1100.000000
 1553518957, 1000.000000
 1553518957, 1000.000000
 1553518957, 1100.000000
 1553518957, 1000.000000
 1553518957, 1000.000000
 1553518957, 1100.000000
 1553518957, 1000.000000
 1553518957, 1000.000000
 1553518957, 1100.000000
 1553518957, 1000.000000
 1553518957, 1000.000000
 1553518957, 1100.000000
 1553518957, 1000.000000
 1553518957, 1000.000000
 1553518957, 1100.000000
 1553518957, 1000.000000
 1553518957, 1000.000000
 1553518957, 1000.000000
 1553518957, 1100.000000
 1553518957, 1000.000000
 1553518957, 1000.000000
 1553518957, 1000.000000
 1553518957, 1100.000000
 1553518957, 1000.000000
 1553518958, 1553518958, 1200.000000
 1553518958, 1000.000000
 1553518958, 1000.000000
 1553518958, 1000.000000
 1553518958, 1000.000000
 1553518958, 1000.000000
 1553518958, 1100.000000
 1553518958, 1000.000000
 1553518958, 1000.000000
 1553518958, 1000.000000
 1553518958, 1000.000000
 1553518958, 1100.000000
 1553518958, 1000.000000
 1553518958, 1000.000000
 1553518958, 1000.000000
 1553518958, 1000.000000
 1553518958, 1000.000000
 1553518958, 1100.000000
 1553518958, 1000.000000
 1553518958, 1000.000000
 1553518958, 1000.000000
 1553518958, 1000.000000
 1553518958, 1100.000000
 1553518958, 1000.000000
 1553518958, 1000.000000
 1553518958, 1000.000000
 1553518958, 1000.000000
 1553518958, 1000.000000
 1553518958, 1100.000000
 1553518958, 1000.000000
 1553518958, 1000.000000
 1553518958, 1000.000000
 1553518958, 1100.000000
 1553518958, 1000.000000
 1553518958, 1000.000000
 1553518958, 1100.000000
 1553518958, 1000.000000
 1553518958, 1000.000000
 1553518958, 1100.000000
 1553518958, 1000.000000
 1553518958, 1000.000000
 1553518958, 1100.000000
 1553518958, 1000.000000
 1553518958, 1000.000000
 1553518958, 1100.000000
 1553518958, 1000.000000
 1553518958, 1100.000000
 1553518958, 1000.000000
 1553518958, 1000.000000
 1553518958, 1000.000000
 1553518958, 1100.000000
 1553518958, 1000.000000
 1553518958, 1000.000000
 1553518958, 1100.000000
 1553518958, 1000.000000
 1553518958, 1000.000000
 1553518958, 1000.000000
 1553518958, 1100.000000
 1553518958, 1000.000000
 1553518958, 1100.000000
 1553518958, 1000.000000
 1553518958, 1000.000000
 1553518958, 1100.000000
 1553518958, 1000.000000
 1553518958, 1000.000000
 1553518958, 1100.000000
 1553518958, 1000.000000
 1553518958, 1000.000000
 1553518958, 1100.000000
 1553518958, 1000.000000
 1553518958, 1000.000000
 1553518958, 1100.000000
 1553518958, 1000.000000
 1553518958, 1000.000000
 1553518958, 1100.000000
 1553518958, 1000.000000
 1553518958, 1000.000000
 1553518958, 1100.000000
 1553518958, 1000.000000
 1553518958, 1000.000000
 1553518958, 1100.000000
 1553518958, 1000.000000
 1553518958, 1000.000000
 1553518958, 1100.000000
 1553518958, 1000.000000
 1553518958, 1000.000000
 1553518958, 1100.000000
 1553518958, 1000.000000
 1553518958, 1000.000000
 1553518958, 1100.000000
 1553518958, 1000.000000
 1553518958, 1000.000000
 1553518958, 1100.000000
 1553518958, 1000.000000
 1553518958, 1000.000000
 1553518958, 1100.000000
 1553518958, 1000.000000
 1553518958, 1000.000000
 1553518959, 1553518959, 1100.000000
 1553518959, 1000.000000
 1553518959, 1100.000000
 1553518959, 1000.000000
 1553518959, 1000.000000
 1553518959, 1100.000000
 1553518959, 1000.000000
 1553518959, 1100.000000
 1553518959, 1000.000000
 1553518959, 1000.000000
 1553518959, 1000.000000
 1553518959, 1000.000000
 1553518959, 1100.000000
 1553518959, 1000.000000
 1553518959, 1000.000000
 1553518959, 1100.000000
 1553518959, 1000.000000
 1553518959, 1000.000000
 1553518959, 1100.000000
 1553518959, 1000.000000
 1553518959, 1000.000000
 1553518959, 1000.000000
 1553518959, 1100.000000
 1553518959, 1000.000000
 1553518959, 1000.000000
 1553518959, 1100.000000
 1553518959, 1000.000000
 1553518959, 1000.000000
 1553518959, 1100.000000
 1553518959, 1000.000000
 1553518959, 1100.000000
 1553518959, 1000.000000
 1553518959, 1000.000000
 1553518959, 1000.000000
 1553518959, 1100.000000
 1553518959, 1000.000000
 1553518959, 1000.000000
 1553518959, 1100.000000
 1553518959, 1000.000000
 1553518959, 1000.000000
 1553518959, 1100.000000
 1553518959, 1000.000000
 1553518959, 1000.000000
 1553518959, 1100.000000
 1553518959, 1000.000000
 1553518959, 1100.000000
 1553518959, 1000.000000
 1553518959, 1000.000000
 1553518959, 1100.000000
 1553518959, 1000.000000
 1553518959, 1000.000000
 1553518959, 1100.000000
 1553518959, 1000.000000
 1553518959, 1000.000000
 1553518959, 1100.000000
 1553518959, 1000.000000
 1553518959, 1000.000000
 1553518959, 1100.000000
 1553518959, 1000.000000
 1553518959, 1000.000000
 1553518959, 1100.000000
 1553518959, 1000.000000
 1553518959, 1100.000000
 1553518959, 1000.000000
 1553518959, 1000.000000
 1553518959, 1100.000000
 1553518959, 1000.000000
 1553518959, 1000.000000
 1553518959, 1100.000000
 1553518959, 1000.000000
 1553518959, 1000.000000
 1553518959, 1100.000000
 1553518959, 1000.000000
 1553518959, 1000.000000
 1553518959, 1100.000000
 1553518959, 1000.000000
 1553518959, 1000.000000
 1553518959, 1100.000000
 1553518959, 1000.000000
 1553518959, 1000.000000
 1553518959, 1100.000000
 1553518959, 1000.000000
 1553518959, 1000.000000
 1553518959, 1000.000000
 1553518959, 1000.000000
 1553518959, 1100.000000
 1553518959, 1000.000000
 1553518959, 1000.000000
 1553518959, 1000.000000
 1553518959, 1100.000000
 1553518959, 1000.000000
 1553518959, 1100.000000
 1553518959, 1000.000000
 1553518959, 1000.000000
 1553518959, 1100.000000
 1553518959, 1000.000000
 1553518959, 1000.000000
 1553518959, 1000.000000
 1553518960, 1553518960, 1100.000000
 1553518960, 1000.000000
 1553518960, 1000.000000
 1553518960, 1100.000000
 1553518960, 1000.000000
 1553518960, 1000.000000
 1553518960, 1100.000000
 1553518960, 1000.000000
 1553518960, 1100.000000
 1553518960, 1000.000000
 1553518960, 1000.000000
 1553518960, 1100.000000
 1553518960, 1000.000000
 1553518960, 1000.000000
 1553518960, 1100.000000
 1553518960, 1000.000000
 1553518960, 1000.000000
 1553518960, 1100.000000
 1553518960, 1000.000000
 1553518960, 1000.000000
 1553518960, 1100.000000
 1553518960, 1000.000000
 1553518960, 1000.000000
 1553518960, 1100.000000
 1553518960, 1000.000000
 1553518960, 1000.000000
 1553518960, 1100.000000
 1553518960, 1000.000000
 1553518960, 1000.000000
 1553518960, 1100.000000
 1553518960, 1000.000000
 1553518960, 1000.000000
 1553518960, 1000.000000
 1553518960, 1100.000000
 1553518960, 1000.000000
 1553518960, 1000.000000
 1553518960, 1100.000000
 1553518960, 1000.000000
 1553518960, 1000.000000
 1553518960, 1100.000000
 1553518960, 1000.000000
 1553518960, 1000.000000
 1553518960, 1100.000000
 1553518960, 1000.000000
 1553518960, 1000.000000
 1553518960, 1100.000000
 1553518960, 1000.000000
 1553518960, 1000.000000
 1553518960, 1100.000000
 1553518960, 1000.000000
 1553518960, 1000.000000
 1553518960, 1100.000000
 1553518960, 1000.000000
 1553518960, 1000.000000
 1553518960, 1000.000000
 1553518960, 1100.000000
 1553518960, 1000.000000
 1553518960, 1000.000000
 1553518960, 1100.000000
 1553518960, 1000.000000
 1553518960, 1000.000000
 1553518960, 1100.000000
 1553518960, 1000.000000
 1553518960, 1000.000000
 1553518960, 1100.000000
 1553518960, 1000.000000
 1553518960, 1000.000000
 1553518960, 1100.000000
 1553518960, 1000.000000
 1553518960, 1000.000000
 1553518960, 1100.000000
 1553518960, 1000.000000
 1553518960, 1000.000000
 1553518960, 1100.000000
 1553518960, 1000.000000
 1553518960, 1000.000000
 1553518960, 1100.000000
 1553518960, 1000.000000
 1553518960, 1000.000000
 1553518960, 1100.000000
 1553518960, 1000.000000
 1553518960, 1000.000000
 1553518960, 1100.000000
 1553518960, 1000.000000
 1553518960, 1000.000000
 1553518960, 1000.000000
 1553518960, 1100.000000
 1553518960, 1000.000000
 1553518960, 1000.000000
 1553518960, 1100.000000
 1553518960, 1000.000000
 1553518960, 1000.000000
 1553518960, 1000.000000
 1553518960, 1000.000000
 1553518960, 1100.000000
 1553518960, 1000.000000
 1553518960, 1000.000000
 1553518960, 1100.000000
 1553518961, 1553518961, 1100.000000
 1553518961, 1000.000000
 1553518961, 1000.000000
 1553518961, 1000.000000
 1553518961, 1100.000000
 1553518961, 1000.000000
 1553518961, 1000.000000
 1553518961, 1000.000000
 1553518961, 1000.000000
 1553518961, 1100.000000
 1553518961, 1000.000000
 1553518961, 1000.000000
 1553518961, 1100.000000
 1553518961, 1000.000000
 1553518961, 1000.000000
 1553518961, 1100.000000
 1553518961, 1000.000000
 1553518961, 1100.000000
 1553518961, 1000.000000
 1553518961, 1000.000000
 1553518961, 1000.000000
 1553518961, 1100.000000
 1553518961, 1000.000000
 1553518961, 1100.000000
 1553518961, 1000.000000
 1553518961, 1000.000000
 1553518961, 1100.000000
 1553518961, 1000.000000
 1553518961, 1000.000000
 1553518961, 1100.000000
 1553518961, 1000.000000
 1553518961, 1000.000000
 1553518961, 1100.000000
 1553518961, 1000.000000
 1553518961, 1000.000000
 1553518961, 1000.000000
 1553518961, 1100.000000
 1553518961, 1000.000000
 1553518961, 1000.000000
 1553518961, 1100.000000
 1553518961, 1000.000000
 1553518961, 1000.000000
 1553518961, 1100.000000
 1553518961, 1000.000000
 1553518961, 1100.000000
 1553518961, 1000.000000
 1553518961, 1000.000000
 1553518961, 1100.000000
 1553518961, 1000.000000
 1553518961, 1000.000000
 1553518961, 1100.000000
 1553518961, 1000.000000
 1553518961, 1000.000000
 1553518961, 1100.000000
 1553518961, 1000.000000
 1553518961, 1000.000000
 1553518961, 1100.000000
 1553518961, 1000.000000
 1553518961, 1000.000000
 1553518961, 1100.000000
 1553518961, 1000.000000
 1553518961, 1000.000000
 1553518961, 1100.000000
 1553518961, 1000.000000
 1553518961, 1000.000000
 1553518961, 1100.000000
 1553518961, 1000.000000
 1553518961, 1100.000000
 1553518961, 1000.000000
 1553518961, 1000.000000
 1553518961, 1100.000000
 1553518961, 1000.000000
 1553518961, 1000.000000
 1553518961, 1100.000000
 1553518961, 1000.000000
 1553518961, 1000.000000
 1553518961, 1100.000000
 1553518961, 1000.000000
 1553518961, 1000.000000
 1553518961, 1100.000000
 1553518961, 1000.000000
 1553518961, 1000.000000
 1553518961, 1100.000000
 1553518961, 1000.000000
 1553518961, 1000.000000
 1553518961, 1100.000000
 1553518961, 1000.000000
 1553518961, 1000.000000
 1553518961, 1000.000000
 1553518961, 1100.000000
 1553518961, 1000.000000
 1553518961, 1000.000000
 1553518961, 1000.000000
 1553518961, 1100.000000
 1553518961, 1000.000000
 1553518961, 1000.000000
 1553518961, 1100.000000
 1553518961, 1000.000000
 1553518962, 1553518962, 1100.000000
 1553518962, 1100.000000
 1553518962, 1000.000000
 1553518962, 1000.000000
 1553518962, 1000.000000
 1553518962, 1000.000000
 1553518962, 1000.000000
 1553518962, 1100.000000
 1553518962, 1000.000000
 1553518962, 1000.000000
 1553518962, 1000.000000
 1553518962, 1000.000000
 1553518962, 1000.000000
 1553518962, 1100.000000
 1553518962, 1000.000000
 1553518962, 1000.000000
 1553518962, 1000.000000
 1553518962, 1000.000000
 1553518962, 1000.000000
 1553518962, 1100.000000
 1553518962, 1000.000000
 1553518962, 1000.000000
 1553518962, 1000.000000
 1553518962, 1000.000000
 1553518962, 1100.000000
 1553518962, 1000.000000
 1553518962, 1000.000000
 1553518962, 1100.000000
 1553518962, 1000.000000
 1553518962, 1000.000000
 1553518962, 1000.000000
 1553518962, 1100.000000
 1553518962, 1000.000000
 1553518962, 1000.000000
 1553518962, 1000.000000
 1553518962, 1100.000000
 1553518962, 1000.000000
 1553518962, 1000.000000
 1553518962, 1000.000000
 1553518962, 1100.000000
 1553518962, 1000.000000
 1553518962, 1000.000000
 1553518962, 1100.000000
 1553518962, 1000.000000
 1553518962, 1000.000000
 1553518962, 1100.000000
 1553518962, 1000.000000
 1553518962, 1000.000000
 1553518962, 1000.000000
 1553518962, 1100.000000
 1553518962, 1000.000000
 1553518962, 1000.000000
 1553518962, 1100.000000
 1553518962, 1000.000000
 1553518962, 1000.000000
 1553518962, 1000.000000
 1553518962, 1100.000000
 1553518962, 1000.000000
 1553518962, 1000.000000
 1553518962, 1100.000000
 1553518962, 1000.000000
 1553518962, 1000.000000
 1553518962, 1100.000000
 1553518962, 1000.000000
 1553518962, 1000.000000
 1553518962, 1100.000000
 1553518962, 1000.000000
 1553518962, 1000.000000
 1553518962, 1000.000000
 1553518962, 1100.000000
 1553518962, 1000.000000
 1553518962, 1000.000000
 1553518962, 1100.000000
 1553518962, 1000.000000
 1553518962, 1000.000000
 1553518962, 1000.000000
 1553518962, 1100.000000
 1553518962, 1000.000000
 1553518962, 1000.000000
 1553518962, 1100.000000
 1553518962, 1000.000000
 1553518962, 1000.000000
 1553518962, 1100.000000
 1553518962, 1000.000000
 1553518962, 1000.000000
 1553518962, 1000.000000
 1553518962, 1100.000000
 1553518962, 1000.000000
 1553518962, 1000.000000
 1553518962, 1100.000000
 1553518962, 1000.000000
 1553518962, 1000.000000
 1553518962, 1100.000000
 1553518962, 1000.000000
 1553518962, 1000.000000
 1553518962, 1100.000000
 1553518962, 1000.000000
 1553518962, 1000.000000
 1553518963, 1553518963, 1200.000000
 1553518963, 1000.000000
 1553518963, 1000.000000
 1553518963, 1100.000000
 1553518963, 1000.000000
 1553518963, 1000.000000
 1553518963, 1100.000000
 1553518963, 1000.000000
 1553518963, 1000.000000
 1553518963, 1000.000000
 1553518963, 1100.000000
 1553518963, 1000.000000
 1553518963, 1000.000000
 1553518963, 1100.000000
 1553518963, 1000.000000
 1553518963, 1000.000000
 1553518963, 1100.000000
 1553518963, 1000.000000
 1553518963, 1000.000000
 1553518963, 1100.000000
 1553518963, 1000.000000
 1553518963, 1000.000000
 1553518963, 1100.000000
 1553518963, 1000.000000
 1553518963, 1000.000000
 1553518963, 1100.000000
 1553518963, 1000.000000
 1553518963, 1000.000000
 1553518963, 1000.000000
 1553518963, 1100.000000
 1553518963, 1000.000000
 1553518963, 1000.000000
 1553518963, 1100.000000
 1553518963, 1000.000000
 1553518963, 1000.000000
 1553518963, 1000.000000
 1553518963, 1100.000000
 1553518963, 1000.000000
 1553518963, 1000.000000
 1553518963, 1100.000000
 1553518963, 1000.000000
 1553518963, 1000.000000
 1553518963, 1000.000000
 1553518963, 1100.000000
 1553518963, 1000.000000
 1553518963, 1000.000000
 1553518963, 1100.000000
 1553518963, 1000.000000
 1553518963, 1000.000000
 1553518963, 1100.000000
 1553518963, 1000.000000
 1553518963, 1000.000000
 1553518963, 1000.000000
 1553518963, 1100.000000
 1553518963, 1000.000000
 1553518963, 1000.000000
 1553518963, 1000.000000
 1553518963, 1100.000000
 1553518963, 1000.000000
 1553518963, 1000.000000
 1553518963, 1100.000000
 1553518963, 1000.000000
 1553518963, 1000.000000
 1553518963, 1100.000000
 1553518963, 1000.000000
 1553518963, 1000.000000
 1553518963, 1100.000000
 1553518963, 1000.000000
 1553518963, 1000.000000
 1553518963, 1000.000000
 1553518963, 1100.000000
 1553518963, 1000.000000
 1553518963, 1000.000000
 1553518963, 1100.000000
 1553518963, 1000.000000
 1553518963, 1000.000000
 1553518963, 1000.000000
 1553518963, 1100.000000
 1553518963, 1000.000000
 1553518963, 1000.000000
 1553518963, 1100.000000
 1553518963, 1000.000000
 1553518963, 1000.000000
 1553518963, 1000.000000
 1553518963, 1100.000000
 1553518963, 1000.000000
 1553518963, 1000.000000
 1553518963, 1100.000000
 1553518963, 1000.000000
 1553518963, 1000.000000
 1553518963, 1000.000000
 1553518963, 1100.000000
 1553518963, 1000.000000
 1553518963, 1000.000000
 1553518963, 1100.000000
 1553518963, 1000.000000
 1553518963, 1000.000000
 1553518963, 1000.000000
 1553518964, 1553518964, 1100.000000
 1553518964, 1000.000000
 1553518964, 1100.000000
 1553518964, 1000.000000
 1553518964, 1000.000000
 1553518964, 1100.000000
 1553518964, 1000.000000
 1553518964, 1000.000000
 1553518964, 1100.000000
 1553518964, 1000.000000
 1553518964, 1000.000000
 1553518964, 1100.000000
 1553518964, 1000.000000
 1553518964, 1000.000000
 1553518964, 1100.000000
 1553518964, 1000.000000
 1553518964, 1000.000000
 1553518964, 1100.000000
 1553518964, 1000.000000
 1553518964, 1000.000000
 1553518964, 1100.000000
 1553518964, 1000.000000
 1553518964, 1000.000000
 1553518964, 1100.000000
 1553518964, 1000.000000
 1553518964, 1000.000000
 1553518964, 1100.000000
 1553518964, 1000.000000
 1553518964, 1000.000000
 1553518964, 1000.000000
 1553518964, 1100.000000
 1553518964, 1000.000000
 1553518964, 1000.000000
 1553518964, 1100.000000
 1553518964, 1000.000000
 1553518964, 1000.000000
 1553518964, 1100.000000
 1553518964, 1000.000000
 1553518964, 1000.000000
 1553518964, 1000.000000
 1553518964, 1100.000000
 1553518964, 1000.000000
 1553518964, 1000.000000
 1553518964, 1000.000000
 1553518964, 1000.000000
 1553518964, 1100.000000
 1553518964, 1000.000000
 1553518964, 1000.000000
 1553518964, 1100.000000
 1553518964, 1000.000000
 1553518964, 1000.000000
 1553518964, 1000.000000
 1553518964, 1100.000000
 1553518964, 1000.000000
 1553518964, 1000.000000
 1553518964, 1000.000000
 1553518964, 1000.000000
 1553518964, 1100.000000
 1553518964, 1000.000000
 1553518964, 1000.000000
 1553518964, 1100.000000
 1553518964, 1000.000000
 1553518964, 1000.000000
 1553518964, 1100.000000
 1553518964, 1000.000000
 1553518964, 1000.000000
 1553518964, 1100.000000
 1553518964, 1000.000000
 1553518964, 1000.000000
 1553518964, 1100.000000
 1553518964, 1000.000000
 1553518964, 1000.000000
 1553518964, 1100.000000
 1553518964, 1000.000000
 1553518964, 1000.000000
 1553518964, 1100.000000
 1553518964, 1000.000000
 1553518964, 1000.000000
 1553518964, 1100.000000
 1553518964, 1000.000000
 1553518964, 1000.000000
 1553518964, 1000.000000
 1553518964, 1100.000000
 1553518964, 1000.000000
 1553518964, 1000.000000
 1553518964, 1100.000000
 1553518964, 1000.000000
 1553518964, 1000.000000
 1553518964, 1100.000000
 1553518964, 1000.000000
 1553518964, 1000.000000
 1553518964, 1000.000000
 1553518964, 1100.000000
 1553518964, 1000.000000
 1553518964, 1000.000000
 1553518964, 1100.000000
 1553518964, 1000.000000
 1553518964, 1000.000000
 1553518965, 1553518965, 1100.000000
 1553518965, 1000.000000
 1553518965, 1000.000000
 1553518965, 1000.000000
 1553518965, 1100.000000
 1553518965, 1000.000000
 1553518965, 1000.000000
 1553518965, 1100.000000
 1553518965, 1000.000000
 1553518965, 1000.000000
 1553518965, 1000.000000
 1553518965, 1000.000000
 1553518965, 1100.000000
 1553518965, 1000.000000
 1553518965, 1000.000000
 1553518965, 1000.000000
 1553518965, 1100.000000
 1553518965, 1000.000000
 1553518965, 1000.000000
 1553518965, 1100.000000
 1553518965, 1000.000000
 1553518965, 1000.000000
 1553518965, 1000.000000
 1553518965, 1100.000000
 1553518965, 1000.000000
 1553518965, 1000.000000
 1553518965, 1100.000000
 1553518965, 1000.000000
 1553518965, 1000.000000
 1553518965, 1100.000000
 1553518965, 1000.000000
 1553518965, 1000.000000
 1553518965, 1100.000000
 1553518965, 1000.000000
 1553518965, 1000.000000
 1553518965, 1000.000000
 1553518965, 1100.000000
 1553518965, 1000.000000
 1553518965, 1000.000000
 1553518965, 1100.000000
 1553518965, 1000.000000
 1553518965, 1000.000000
 1553518965, 1000.000000
 1553518965, 1100.000000
 1553518965, 1000.000000
 1553518965, 1000.000000
 1553518965, 1100.000000
 1553518965, 1000.000000
 1553518965, 1000.000000
 1553518965, 1100.000000
 1553518965, 1000.000000
 1553518965, 1100.000000
 1553518965, 1000.000000
 1553518965, 1000.000000
 1553518965, 1100.000000
 1553518965, 1000.000000
 1553518965, 1000.000000
 1553518965, 1100.000000
 1553518965, 1000.000000
 1553518965, 1000.000000
 1553518965, 1100.000000
 1553518965, 1000.000000
 1553518965, 1000.000000
 1553518965, 1100.000000
 1553518965, 1000.000000
 1553518965, 1000.000000
 1553518965, 1100.000000
 1553518965, 1000.000000
 1553518965, 1000.000000
 1553518965, 1100.000000
 1553518965, 1000.000000
 1553518965, 1000.000000
 1553518965, 1100.000000
 1553518965, 1000.000000
 1553518965, 1000.000000
 1553518965, 1100.000000
 1553518965, 1000.000000
 1553518965, 1000.000000
 1553518965, 1100.000000
 1553518965, 1000.000000
 1553518965, 1100.000000
 1553518965, 1000.000000
 1553518965, 1000.000000
 1553518965, 1000.000000
 1553518965, 1100.000000
 1553518965, 1000.000000
 1553518965, 1000.000000
 1553518965, 1100.000000
 1553518965, 1000.000000
 1553518965, 1000.000000
 1553518965, 1100.000000
 1553518965, 1000.000000
 1553518965, 1000.000000
 1553518965, 1100.000000
 1553518965, 1000.000000
 1553518965, 1000.000000
 1553518965, 1100.000000
 1553518965, 1000.000000
 1553518966, 1553518966, 1100.000000
 1553518966, 1100.000000
 1553518966, 1000.000000
 1553518966, 1000.000000
 1553518966, 1000.000000
 1553518966, 1000.000000
 1553518966, 1000.000000
 1553518966, 1000.000000
 1553518966, 1100.000000
 1553518966, 1000.000000
 1553518966, 1000.000000
 1553518966, 1000.000000
 1553518966, 1000.000000
 1553518966, 1100.000000
 1553518966, 1000.000000
 1553518966, 1000.000000
 1553518966, 1000.000000
 1553518966, 1100.000000
 1553518966, 1000.000000
 1553518966, 1000.000000
 1553518966, 1100.000000
 1553518966, 1000.000000
 1553518966, 1000.000000
 1553518966, 1100.000000
 1553518966, 1000.000000
 1553518966, 1000.000000
 1553518966, 1100.000000
 1553518966, 1000.000000
 1553518966, 1100.000000
 1553518966, 1000.000000
 1553518966, 1000.000000
 1553518966, 1000.000000
 1553518966, 1100.000000
 1553518966, 1000.000000
 1553518966, 1000.000000
 1553518966, 1100.000000
 1553518966, 1000.000000
 1553518966, 1100.000000
 1553518966, 1000.000000
 1553518966, 1000.000000
 1553518966, 1100.000000
 1553518966, 1000.000000
 1553518966, 1000.000000
 1553518966, 1000.000000
 1553518966, 1100.000000
 1553518966, 1000.000000
 1553518966, 1000.000000
 1553518966, 1000.000000
 1553518966, 1100.000000
 1553518966, 1000.000000
 1553518966, 1000.000000
 1553518966, 1100.000000
 1553518966, 1000.000000
 1553518966, 1000.000000
 1553518966, 1000.000000
 1553518966, 1000.000000
 1553518966, 1100.000000
 1553518966, 1000.000000
 1553518966, 1000.000000
 1553518966, 1100.000000
 1553518966, 1000.000000
 1553518966, 1000.000000
 1553518966, 1100.000000
 1553518966, 1000.000000
 1553518966, 1000.000000
 1553518966, 1100.000000
 1553518966, 1000.000000
 1553518966, 1000.000000
 1553518966, 1100.000000
 1553518966, 1000.000000
 1553518966, 1000.000000
 1553518966, 1100.000000
 1553518966, 1000.000000
 1553518966, 1000.000000
 1553518966, 1100.000000
 1553518966, 1000.000000
 1553518966, 1000.000000
 1553518966, 1100.000000
 1553518966, 1000.000000
 1553518966, 1000.000000
 1553518966, 1100.000000
 1553518966, 1000.000000
 1553518966, 1000.000000
 1553518966, 1100.000000
 1553518966, 1000.000000
 1553518966, 1000.000000
 1553518966, 1100.000000
 1553518966, 1000.000000
 1553518966, 1000.000000
 1553518966, 1000.000000
 1553518966, 1100.000000
 1553518966, 1000.000000
 1553518966, 1100.000000
 1553518966, 1000.000000
 1553518966, 1000.000000
 1553518966, 1100.000000
 1553518966, 1000.000000
 1553518966, 1000.000000
 1553518967, 1553518967, 1300.000000
 1553518967, 1000.000000
 1553518967, 1100.000000
 1553518967, 1000.000000
 1553518967, 1000.000000
 1553518967, 1000.000000
 1553518967, 1000.000000
 1553518967, 1000.000000
 1553518967, 1000.000000
 1553518967, 1100.000000
 1553518967, 1000.000000
 1553518967, 1000.000000
 1553518967, 1000.000000
 1553518967, 1000.000000
 1553518967, 1100.000000
 1553518967, 1000.000000
 1553518967, 1000.000000
 1553518967, 1100.000000
 1553518967, 1000.000000
 1553518967, 1000.000000
 1553518967, 1100.000000
 1553518967, 1000.000000
 1553518967, 1100.000000
 1553518967, 1000.000000
 1553518967, 1000.000000
 1553518967, 1100.000000
 1553518967, 1000.000000
 1553518967, 1000.000000
 1553518967, 1100.000000
 1553518967, 1000.000000
 1553518967, 1000.000000
 1553518967, 1100.000000
 1553518967, 1000.000000
 1553518967, 1000.000000
 1553518967, 1100.000000
 1553518967, 1000.000000
 1553518967, 1000.000000
 1553518967, 1000.000000
 1553518967, 1100.000000
 1553518967, 1000.000000
 1553518967, 1000.000000
 1553518967, 1100.000000
 1553518967, 1000.000000
 1553518967, 1000.000000
 1553518967, 1000.000000
 1553518967, 1100.000000
 1553518967, 1000.000000
 1553518967, 1000.000000
 1553518967, 1000.000000
 1553518967, 1000.000000
 1553518967, 1100.000000
 1553518967, 1000.000000
 1553518967, 1000.000000
 1553518967, 1100.000000
 1553518967, 1000.000000
 1553518967, 1000.000000
 1553518967, 1100.000000
 1553518967, 1000.000000
 1553518967, 1000.000000
 1553518967, 1100.000000
 1553518967, 1000.000000
 1553518967, 1000.000000
 1553518967, 1100.000000
 1553518967, 1000.000000
 1553518967, 1000.000000
 1553518967, 1000.000000
 1553518967, 1100.000000
 1553518967, 1000.000000
 1553518967, 1000.000000
 1553518967, 1000.000000
 1553518967, 1100.000000
 1553518967, 1000.000000
 1553518967, 1000.000000
 1553518967, 1100.000000
 1553518967, 1000.000000
 1553518967, 1000.000000
 1553518967, 1100.000000
 1553518967, 1000.000000
 1553518967, 1000.000000
 1553518967, 1100.000000
 1553518967, 1000.000000
 1553518967, 1000.000000
 1553518967, 1100.000000
 1553518967, 1000.000000
 1553518967, 1000.000000
 1553518967, 1100.000000
 1553518967, 1000.000000
 1553518967, 1000.000000
 1553518967, 1100.000000
 1553518967, 1000.000000
 1553518967, 1000.000000
 1553518967, 1100.000000
 1553518967, 1000.000000
 1553518967, 1000.000000
 1553518967, 1100.000000
 1553518967, 1000.000000
 1553518967, 1000.000000
 1553518967, 1100.000000
 1553518968, 1553518968, 1100.000000
 1553518968, 1000.000000
 1553518968, 1000.000000
 1553518968, 1000.000000
 1553518968, 1100.000000
 1553518968, 1000.000000
 1553518968, 1000.000000
 1553518968, 1000.000000
 1553518968, 1000.000000
 1553518968, 1000.000000
 1553518968, 1100.000000
 1553518968, 1000.000000
 1553518968, 1000.000000
 1553518968, 1000.000000
 1553518968, 1000.000000
 1553518968, 1000.000000
 1553518968, 1000.000000
 1553518968, 1100.000000
 1553518968, 1000.000000
 1553518968, 1000.000000
 1553518968, 1100.000000
 1553518968, 1000.000000
 1553518968, 1000.000000
 1553518968, 1100.000000
 1553518968, 1000.000000
 1553518968, 1000.000000
 1553518968, 1100.000000
 1553518968, 1000.000000
 1553518968, 1000.000000
 1553518968, 1100.000000
 1553518968, 1000.000000
 1553518968, 1100.000000
 1553518968, 1000.000000
 1553518968, 1000.000000
 1553518968, 1100.000000
 1553518968, 1000.000000
 1553518968, 1000.000000
 1553518968, 1100.000000
 1553518968, 1000.000000
 1553518968, 1000.000000
 1553518968, 1000.000000
 1553518968, 1100.000000
 1553518968, 1000.000000
 1553518968, 1100.000000
 1553518968, 1000.000000
 1553518968, 1000.000000
 1553518968, 1000.000000
 1553518968, 1100.000000
 1553518968, 1000.000000
 1553518968, 1000.000000
 1553518968, 1000.000000
 1553518968, 1100.000000
 1553518968, 1000.000000
 1553518968, 1000.000000
 1553518968, 1100.000000
 1553518968, 1000.000000
 1553518968, 1000.000000
 1553518968, 1000.000000
 1553518968, 1100.000000
 1553518968, 1000.000000
 1553518968, 1100.000000
 1553518968, 1000.000000
 1553518968, 1000.000000
 1553518968, 1000.000000
 1553518968, 1100.000000
 1553518968, 1000.000000
 1553518968, 1000.000000
 1553518968, 1000.000000
 1553518968, 1000.000000
 1553518968, 1100.000000
 1553518968, 1000.000000
 1553518968, 1000.000000
 1553518968, 1100.000000
 1553518968, 1000.000000
 1553518968, 1000.000000
 1553518968, 1100.000000
 1553518968, 1000.000000
 1553518968, 1000.000000
 1553518968, 1100.000000
 1553518968, 1000.000000
 1553518968, 1000.000000
 1553518968, 1100.000000
 1553518968, 1000.000000
 1553518968, 1000.000000
 1553518968, 1100.000000
 1553518968, 1000.000000
 1553518968, 1000.000000
 1553518968, 1000.000000
 1553518968, 1100.000000
 1553518968, 1000.000000
 1553518968, 1000.000000
 1553518968, 1100.000000
 1553518968, 1000.000000
 1553518968, 1000.000000
 1553518968, 1100.000000
 1553518968, 1000.000000
 1553518968, 1000.000000
 1553518968, 1100.000000
 1553518969, 1553518969, 1100.000000
 1553518969, 1000.000000
 1553518969, 1100.000000
 1553518969, 1000.000000
 1553518969, 1000.000000
 1553518969, 1100.000000
 1553518969, 1000.000000
 1553518969, 1000.000000
 1553518969, 1100.000000
 1553518969, 1000.000000
 1553518969, 1000.000000
 1553518969, 1100.000000
 1553518969, 1000.000000
 1553518969, 1000.000000
 1553518969, 1100.000000
 1553518969, 1000.000000
 1553518969, 1000.000000
 1553518969, 1100.000000
 1553518969, 1000.000000
 1553518969, 1000.000000
 1553518969, 1100.000000
 1553518969, 1000.000000
 1553518969, 1000.000000
 1553518969, 1100.000000
 1553518969, 1000.000000
 1553518969, 1000.000000
 1553518969, 1100.000000
 1553518969, 1000.000000
 1553518969, 1000.000000
 1553518969, 1100.000000
 1553518969, 1000.000000
 1553518969, 1000.000000
 1553518969, 1100.000000
 1553518969, 1000.000000
 1553518969, 1000.000000
 1553518969, 1100.000000
 1553518969, 1000.000000
 1553518969, 1100.000000
 1553518969, 1000.000000
 1553518969, 1000.000000
 1553518969, 1000.000000
 1553518969, 1100.000000
 1553518969, 1000.000000
 1553518969, 1000.000000
 1553518969, 1100.000000
 1553518969, 1000.000000
 1553518969, 1000.000000
 1553518969, 1000.000000
 1553518969, 1100.000000
 1553518969, 1000.000000
 1553518969, 1000.000000
 1553518969, 1000.000000
 1553518969, 1100.000000
 1553518969, 1000.000000
 1553518969, 1000.000000
 1553518969, 1000.000000
 1553518969, 1100.000000
 1553518969, 1000.000000
 1553518969, 1000.000000
 1553518969, 1100.000000
 1553518969, 1000.000000
 1553518969, 1000.000000
 1553518969, 1000.000000
 1553518969, 1100.000000
 1553518969, 1000.000000
 1553518969, 1000.000000
 1553518969, 1100.000000
 1553518969, 1000.000000
 1553518969, 1000.000000
 1553518969, 1100.000000
 1553518969, 1000.000000
 1553518969, 1000.000000
 1553518969, 1100.000000
 1553518969, 1000.000000
 1553518969, 1000.000000
 1553518969, 1000.000000
 1553518969, 1100.000000
 1553518969, 1000.000000
 1553518969, 1000.000000
 1553518969, 1100.000000
 1553518969, 1000.000000
 1553518969, 1000.000000
 1553518969, 1100.000000
 1553518969, 1000.000000
 1553518969, 1000.000000
 1553518969, 1100.000000
 1553518969, 1000.000000
 1553518969, 1000.000000
 1553518969, 1000.000000
 1553518969, 1100.000000
 1553518969, 1000.000000
 1553518969, 1000.000000
 1553518969, 1100.000000
 1553518969, 1000.000000
 1553518969, 1000.000000
 1553518969, 1100.000000
 1553518969, 1000.000000
 1553518969, 1100.000000
 1553518970, 1553518970, 1100.000000
 1553518970, 1100.000000
 1553518970, 1000.000000
 1553518970, 1100.000000
 1553518970, 1000.000000
 1553518970, 1000.000000
 1553518970, 1100.000000
 1553518970, 1000.000000
 1553518970, 1000.000000
 1553518970, 1100.000000
 1553518970, 1000.000000
 1553518970, 1000.000000
 1553518970, 1000.000000
 1553518970, 1100.000000
 1553518970, 1000.000000
 1553518970, 1000.000000
 1553518970, 1000.000000
 1553518970, 1100.000000
 1553518970, 1000.000000
 1553518970, 1000.000000
 1553518970, 1000.000000
 1553518970, 1100.000000
 1553518970, 1000.000000
 1553518970, 1000.000000
 1553518970, 1000.000000
 1553518970, 1100.000000
 1553518970, 1000.000000
 1553518970, 1000.000000
 1553518970, 1100.000000
 1553518970, 1000.000000
 1553518970, 1000.000000
 1553518970, 1000.000000
 1553518970, 1100.000000
 1553518970, 1000.000000
 1553518970, 1000.000000
 1553518970, 1000.000000
 1553518970, 1100.000000
 1553518970, 1000.000000
 1553518970, 1000.000000
 1553518970, 1000.000000
 1553518970, 1100.000000
 1553518970, 1000.000000
 1553518970, 1000.000000
 1553518970, 1000.000000
 1553518970, 1100.000000
 1553518970, 1000.000000
 1553518970, 1000.000000
 1553518970, 1000.000000
 1553518970, 1100.000000
 1553518970, 1000.000000
 1553518970, 1000.000000
 1553518970, 1000.000000
 1553518970, 1100.000000
 1553518970, 1000.000000
 1553518970, 1000.000000
 1553518970, 1000.000000
 1553518970, 1100.000000
 1553518970, 1000.000000
 1553518970, 1000.000000
 1553518970, 1000.000000
 1553518970, 1100.000000
 1553518970, 1000.000000
 1553518970, 1000.000000
 1553518970, 1000.000000
 1553518970, 1100.000000
 1553518970, 1000.000000
 1553518970, 1000.000000
 1553518970, 1000.000000
 1553518970, 1000.000000
 1553518970, 1100.000000
 1553518970, 1000.000000
 1553518970, 1000.000000
 1553518970, 1000.000000
 1553518970, 1100.000000
 1553518970, 1000.000000
 1553518970, 1000.000000
 1553518970, 1000.000000
 1553518970, 1000.000000
 1553518970, 1000.000000
 1553518970, 1100.000000
 1553518970, 1000.000000
 1553518970, 1000.000000
 1553518970, 1100.000000
 1553518970, 1000.000000
 1553518970, 1000.000000
 1553518970, 1000.000000
 1553518970, 1100.000000
 1553518970, 1000.000000
 1553518970, 1000.000000
 1553518970, 1000.000000
 1553518970, 1100.000000
 1553518970, 1000.000000
 1553518970, 1000.000000
 1553518970, 1000.000000
 1553518970, 1100.000000
 1553518970, 1000.000000
 1553518970, 1000.000000
 1553518970, 1100.000000
 1553518971, 1553518971, 1100.000000
 1553518971, 1000.000000
 1553518971, 1100.000000
 1553518971, 1000.000000
 1553518971, 1000.000000
 1553518971, 1000.000000
 1553518971, 1000.000000
 1553518971, 1000.000000
 1553518971, 1100.000000
 1553518971, 1000.000000
 1553518971, 1000.000000
 1553518971, 1000.000000
 1553518971, 1100.000000
 1553518971, 1000.000000
 1553518971, 1000.000000
 1553518971, 1000.000000
 1553518971, 1100.000000
 1553518971, 1000.000000
 1553518971, 1000.000000
 1553518971, 1100.000000
 1553518971, 1000.000000
 1553518971, 1000.000000
 1553518971, 1000.000000
 1553518971, 1100.000000
 1553518971, 1000.000000
 1553518971, 1000.000000
 1553518971, 1100.000000
 1553518971, 1000.000000
 1553518971, 1000.000000
 1553518971, 1100.000000
 1553518971, 1000.000000
 1553518971, 1000.000000
 1553518971, 1100.000000
 1553518971, 1000.000000
 1553518971, 1000.000000
 1553518971, 1000.000000
 1553518971, 1100.000000
 1553518971, 1000.000000
 1553518971, 1000.000000
 1553518971, 1100.000000
 1553518971, 1000.000000
 1553518971, 1000.000000
 1553518971, 1000.000000
 1553518971, 1100.000000
 1553518971, 1000.000000
 1553518971, 1000.000000
 1553518971, 1100.000000
 1553518971, 1000.000000
 1553518971, 1000.000000
 1553518971, 1000.000000
 1553518971, 1100.000000
 1553518971, 1000.000000
 1553518971, 1000.000000
 1553518971, 1000.000000
 1553518971, 1100.000000
 1553518971, 1000.000000
 1553518971, 1000.000000
 1553518971, 1100.000000
 1553518971, 1000.000000
 1553518971, 1000.000000
 1553518971, 1100.000000
 1553518971, 1000.000000
 1553518971, 1000.000000
 1553518971, 1000.000000
 1553518971, 1100.000000
 1553518971, 1000.000000
 1553518971, 1000.000000
 1553518971, 1100.000000
 1553518971, 1000.000000
 1553518971, 1000.000000
 1553518971, 1000.000000
 1553518971, 1100.000000
 1553518971, 1000.000000
 1553518971, 1000.000000
 1553518971, 1100.000000
 1553518971, 1000.000000
 1553518971, 1000.000000
 1553518971, 1100.000000
 1553518971, 1000.000000
 1553518971, 1000.000000
 1553518971, 1000.000000
 1553518971, 1100.000000
 1553518971, 1000.000000
 1553518971, 1000.000000
 1553518971, 1000.000000
 1553518971, 1100.000000
 1553518971, 1000.000000
 1553518971, 1000.000000
 1553518971, 1100.000000
 1553518971, 1000.000000
 1553518971, 1000.000000
 1553518971, 1100.000000
 1553518971, 1000.000000
 1553518971, 1000.000000
 1553518971, 1000.000000
 1553518971, 1100.000000
 1553518971, 1000.000000
 1553518971, 1000.000000
 1553518972, 1553518972, 1200.000000
 1553518972, 1000.000000
 1553518972, 1000.000000
 1553518972, 1000.000000
 1553518972, 1100.000000
 1553518972, 1000.000000
 1553518972, 1000.000000
 1553518972, 1000.000000
 1553518972, 1000.000000
 1553518972, 1100.000000
 1553518972, 1000.000000
 1553518972, 1000.000000
 1553518972, 1000.000000
 1553518972, 1000.000000
 1553518972, 1000.000000
 1553518972, 1100.000000
 1553518972, 1000.000000
 1553518972, 1000.000000
 1553518972, 1100.000000
 1553518972, 1000.000000
 1553518972, 1000.000000
 1553518972, 1100.000000
 1553518972, 1000.000000
 1553518972, 1000.000000
 1553518972, 1100.000000
 1553518972, 1000.000000
 1553518972, 1000.000000
 1553518972, 1100.000000
 1553518972, 1000.000000
 1553518972, 1000.000000
 1553518972, 1100.000000
 1553518972, 1000.000000
 1553518972, 1000.000000
 1553518972, 1100.000000
 1553518972, 1000.000000
 1553518972, 1000.000000
 1553518972, 1100.000000
 1553518972, 1000.000000
 1553518972, 1000.000000
 1553518972, 1100.000000
 1553518972, 1000.000000
 1553518972, 1000.000000
 1553518972, 1000.000000
 1553518972, 1100.000000
 1553518972, 1000.000000
 1553518972, 1000.000000
 1553518972, 1100.000000
 1553518972, 1000.000000
 1553518972, 1000.000000
 1553518972, 